[
    {
        "address": "湖北省 随州市 曾都区",
        "avatar": "Assets/Images/Crop/avatar.jpg",
        "company": "ueil",
        "email": "d.krmi@dxmdwpmg.edu",
        "name": "苏刚",
        "phone": "13511760548",
        "position": "jse"
    },
    {
        "address": "黑龙江省 绥化市 明水县",
        "avatar": "Assets/Images/Crop/avatar.jpg",
        "company": "iqx",
        "email": "g.dkgtgrhvr@kgrnyrcvpu.中国",
        "name": "韩超",
        "phone": "13280848462",
        "position": "qpis"
    },
    {
        "address": "青海省 黄南藏族自治州 同仁县",
        "avatar": "Assets/Images/Crop/avatar.jpg",
        "company": "ulc",
        "email": "n.xqs@cmxwvx.kg",
        "name": "许芳",
        "phone": "18924233111",
        "position": "iqwr"
    },
    {
        "address": "甘肃省 陇南市 两当县",
        "avatar": "Assets/Images/Crop/avatar.jpg",
        "company": "qpb",
        "email": "c.tfskr@bcqmrywf.pa",
        "name": "潘敏",
        "phone": "18914089420",
        "position": "grxh"
    },
    {
        "address": "福建省 漳州市 漳浦县",
        "avatar": "Assets/Images/Crop/avatar.jpg",
        "company": "xevip",
        "email": "p.gwesw@snhinmds.kp",
        "name": "陆秀英",
        "phone": "13578451153",
        "position": "jvt"
    },
    {
        "address": "江西省 宜春市 铜鼓县",
        "avatar": "Assets/Images/Crop/avatar.jpg",
        "company": "umkk",
        "email": "a.ysvun@wkteve.ht",
        "name": "苏霞",
        "phone": "18905213946",
        "position": "fnln"
    },
    {
        "address": "山西省 大同市 左云县",
        "avatar": "Assets/Images/Crop/avatar.jpg",
        "company": "kni",
        "email": "y.bsekqshb@gvtzi.dk",
        "name": "顾磊",
        "phone": "13237727296",
        "position": "nhqrx"
    },
    {
        "address": "新疆维吾尔自治区 哈密地区 伊吾县",
        "avatar": "Assets/Images/Crop/avatar.jpg",
        "company": "dnni",
        "email": "j.xsqeilbww@idebk.jo",
        "name": "杨娟",
        "phone": "18954535176",
        "position": "owks"
    },
    {
        "address": "吉林省 辽源市 西安区",
        "avatar": "Assets/Images/Crop/avatar.jpg",
        "company": "nyu",
        "email": "s.eoquvb@taeix.vu",
        "name": "康磊",
        "phone": "13522238862",
        "position": "xmtld"
    },
    {
        "address": "上海 上海市 金山区",
        "avatar": "Assets/Images/Crop/avatar.jpg",
        "company": "vbgv",
        "email": "m.hrbusu@dcrkttdu.dj",
        "name": "雷军",
        "phone": "13281398182",
        "position": "uvmm"
    },
    {
        "address": "浙江省 绍兴市 诸暨市",
        "avatar": "Assets/Images/Crop/avatar.jpg",
        "company": "yfqio",
        "email": "x.hgfhepjop@eitz.ug",
        "name": "谢艳",
        "phone": "13573831202",
        "position": "hhh"
    },
    {
        "address": "辽宁省 盘锦市 盘山县",
        "avatar": "Assets/Images/Crop/avatar.jpg",
        "company": "lrs",
        "email": "f.ezivmjntuf@hccqow.gw",
        "name": "熊静",
        "phone": "13552376991",
        "position": "asmr"
    },
    {
        "address": "上海 上海市 宝山区",
        "avatar": "Assets/Images/Crop/avatar.jpg",
        "company": "dggk",
        "email": "u.igpfrofhbk@hytthss.in",
        "name": "贺艳",
        "phone": "13233188146",
        "position": "dfhn"
    },
    {
        "address": "新疆维吾尔自治区 昌吉回族自治州 呼图壁县",
        "avatar": "Assets/Images/Crop/avatar.jpg",
        "company": "mwqp",
        "email": "q.mwglyxhgg@rpc.ve",
        "name": "胡娟",
        "phone": "13595673430",
        "position": "tgv"
    },
    {
        "address": "山东省 临沂市 罗庄区",
        "avatar": "Assets/Images/Crop/avatar.jpg",
        "company": "iuiq",
        "email": "w.gingvgb@kazqcqv.ua",
        "name": "徐秀英",
        "phone": "13571214555",
        "position": "vhl"
    },
    {
        "address": "上海 上海市 浦东新区",
        "avatar": "Assets/Images/Crop/avatar.jpg",
        "company": "xakt",
        "email": "u.jivdjpwbs@kzkthmzjml.kg",
        "name": "邵娜",
        "phone": "13515437650",
        "position": "aqcs"
    },
    {
        "address": "云南省 保山市 腾冲县",
        "avatar": "Assets/Images/Crop/avatar.jpg",
        "company": "pmn",
        "email": "w.dwy@ddryl.ws",
        "name": "彭超",
        "phone": "13505812238",
        "position": "vjvny"
    },
    {
        "address": "江苏省 泰州市 高港区",
        "avatar": "Assets/Images/Crop/avatar.jpg",
        "company": "uhb",
        "email": "o.xkdkme@hzetwmyi.kh",
        "name": "曾秀英",
        "phone": "13551364592",
        "position": "sbmm"
    },
    {
        "address": "内蒙古自治区 呼伦贝尔市 扎兰屯市",
        "avatar": "Assets/Images/Crop/avatar.jpg",
        "company": "ctxh",
        "email": "e.xttgn@arylelqfk.sj",
        "name": "刘芳",
        "phone": "13263268417",
        "position": "mlqbj"
    },
    {
        "address": "湖南省 永州市 新田县",
        "avatar": "Assets/Images/Crop/avatar.jpg",
        "company": "qcsg",
        "email": "u.sqkvnhhw@wcbnygk.gd",
        "name": "c白刚",
        "phone": "13245648655",
        "position": "usqo"
    },
    {
        "address": "云南省 玉溪市 峨山彝族自治县",
        "avatar": "Assets/Images/Crop/avatar.jpg",
        "company": "nmhd",
        "email": "y.aifmr@thaiqqf.tj",
        "name": "江强",
        "phone": "13276437771",
        "position": "tlqnq"
    },
    {
        "address": "黑龙江省 鹤岗市 兴安区",
        "avatar": "Assets/Images/Crop/avatar.jpg",
        "company": "skdnw",
        "email": "w.nvhfnpcr@kknxyclfyy.mq",
        "name": "刘军",
        "phone": "13262273554",
        "position": "kfytf"
    },
    {
        "address": "陕西省 咸阳市 永寿县",
        "avatar": "Assets/Images/Crop/avatar.jpg",
        "company": "rpvt",
        "email": "c.qpgkyttccs@vlcytrcw.bj",
        "name": "林娜",
        "phone": "13274185261",
        "position": "ncy"
    },
    {
        "address": "香港特别行政区 香港岛 湾仔",
        "avatar": "Assets/Images/Crop/avatar.jpg",
        "company": "heitr",
        "email": "x.xroc@ofdlgmju.mw",
        "name": "傅娟",
        "phone": "13218151592",
        "position": "gkc"
    },
    {
        "address": "山东省 德州市 临邑县",
        "avatar": "Assets/Images/Crop/avatar.jpg",
        "company": "jrng",
        "email": "s.zzuvoy@jcfretj.dk",
        "name": "冯明",
        "phone": "13535199790",
        "position": "bzm"
    },
    {
        "address": "湖北省 十堰市 房县",
        "avatar": "Assets/Images/Crop/avatar.jpg",
        "company": "odvq",
        "email": "o.nokhihh@zhrrvifr.ao",
        "name": "杨强",
        "phone": "13290843612",
        "position": "ekf"
    },
    {
        "address": "福建省 漳州市 华安县",
        "avatar": "Assets/Images/Crop/avatar.jpg",
        "company": "hpws",
        "email": "i.rtu@jhjryd.sn",
        "name": "阎杰",
        "phone": "13558655367",
        "position": "grji"
    },
    {
        "address": "辽宁省 鞍山市 海城市",
        "avatar": "Assets/Images/Crop/avatar.jpg",
        "company": "wsy",
        "email": "v.skiihx@ujnzhywzn.hn",
        "name": "汤芳",
        "phone": "13218465670",
        "position": "trtf"
    },
    {
        "address": "青海省 西宁市 湟中县",
        "avatar": "Assets/Images/Crop/avatar.jpg",
        "company": "ddcb",
        "email": "y.loyak@wiuu.ng",
        "name": "陈强",
        "phone": "13570454848",
        "position": "lkpg"
    },
    {
        "address": "青海省 玉树藏族自治州 杂多县",
        "avatar": "Assets/Images/Crop/avatar.jpg",
        "company": "kufcu",
        "email": "l.wqkdkmk@fqoo.cr",
        "name": "贺洋",
        "phone": "13528160688",
        "position": "mrfgd"
    },
    {
        "address": "陕西省 渭南市 大荔县",
        "avatar": "Assets/Images/Crop/avatar.jpg",
        "company": "xlt",
        "email": "n.vctrw@wqy.sk",
        "name": "李洋",
        "phone": "13538241766",
        "position": "yivug"
    },
    {
        "address": "西藏自治区 昌都地区 类乌齐县",
        "avatar": "Assets/Images/Crop/avatar.jpg",
        "company": "wqffu",
        "email": "f.mpx@cmeecnuexk.ki",
        "name": "邵娜",
        "phone": "13513326723",
        "position": "jkl"
    },
    {
        "address": "贵州省 黔东南苗族侗族自治州 丹寨县",
        "avatar": "Assets/Images/Crop/avatar.jpg",
        "company": "mdhps",
        "email": "n.igkh@cjgilr.cc",
        "name": "董强",
        "phone": "13236262794",
        "position": "lujv"
    },
    {
        "address": "河北省 邯郸市 涉县",
        "avatar": "Assets/Images/Crop/avatar.jpg",
        "company": "xhsz",
        "email": "w.ailgb@pkkgg.bt",
        "name": "曾秀英",
        "phone": "13513786167",
        "position": "ktom"
    },
    {
        "address": "广西壮族自治区 贵港市 港北区",
        "avatar": "Assets/Images/Crop/avatar.jpg",
        "company": "kdlb",
        "email": "e.pgrhkwr@copfrqi.ne",
        "name": "梁平",
        "phone": "13272701597",
        "position": "rhpzl"
    },
    {
        "address": "湖北省 鄂州市 梁子湖区",
        "avatar": "Assets/Images/Crop/avatar.jpg",
        "company": "ymvz",
        "email": "m.qrjm@ouima.ie",
        "name": "刘强",
        "phone": "18943031951",
        "position": "nfqxq"
    },
    {
        "address": "吉林省 松原市 扶余市",
        "avatar": "Assets/Images/Crop/avatar.jpg",
        "company": "kfia",
        "email": "v.nufw@qnhwnyog.tr",
        "name": "康军",
        "phone": "13578446185",
        "position": "xjus"
    },
    {
        "address": "河北省 邢台市 沙河市",
        "avatar": "Assets/Images/Crop/avatar.jpg",
        "company": "kcfk",
        "email": "r.ktofno@nwybo.uy",
        "name": "高磊",
        "phone": "13582628230",
        "position": "ocpf"
    },
    {
        "address": "上海 上海市 松江区",
        "avatar": "Assets/Images/Crop/avatar.jpg",
        "company": "uohmg",
        "email": "u.evbfl@gwj.dk",
        "name": "范霞",
        "phone": "13560289676",
        "position": "ceb"
    },
    {
        "address": "辽宁省 阜新市 彰武县",
        "avatar": "Assets/Images/Crop/avatar.jpg",
        "company": "kcru",
        "email": "x.gfezrirjo@symrywsrc.sh",
        "name": "文秀英",
        "phone": "13533184356",
        "position": "ewyc"
    },
    {
        "address": "台湾 新北市 芦洲区",
        "avatar": "Assets/Images/Crop/avatar.jpg",
        "company": "hoy",
        "email": "r.dojj@vribkbd.gw",
        "name": "乔磊",
        "phone": "18956812972",
        "position": "crxin"
    },
    {
        "address": "江西省 新余市 分宜县",
        "avatar": "Assets/Images/Crop/avatar.jpg",
        "company": "zrmi",
        "email": "t.fhnbeap@vetfyr.eh",
        "name": "宋秀兰",
        "phone": "13580857557",
        "position": "wgjk"
    },
    {
        "address": "台湾 基隆市 信义区",
        "avatar": "Assets/Images/Crop/avatar.jpg",
        "company": "cdama",
        "email": "d.bmon@fsjbx.jp",
        "name": "汤伟",
        "phone": "13575433282",
        "position": "zkzoq"
    },
    {
        "address": "浙江省 宁波市 江北区",
        "avatar": "Assets/Images/Crop/avatar.jpg",
        "company": "yhib",
        "email": "h.qvqoocuqm@eomhpww.za",
        "name": "史磊",
        "phone": "18912711341",
        "position": "zxpcu"
    },
    {
        "address": "陕西省 宝鸡市 太白县",
        "avatar": "Assets/Images/Crop/avatar.jpg",
        "company": "mqlc",
        "email": "a.jxdwe@niyhvhacc.at",
        "name": "郝平",
        "phone": "13546896339",
        "position": "ernf"
    },
    {
        "address": "河北省 张家口市 张北县",
        "avatar": "Assets/Images/Crop/avatar.jpg",
        "company": "ygyn",
        "email": "l.ttelgkl@xthspuani.mil",
        "name": "汪强",
        "phone": "13547761423",
        "position": "srt"
    },
    {
        "address": "上海 上海市 静安区",
        "avatar": "Assets/Images/Crop/avatar.jpg",
        "company": "uyw",
        "email": "b.ihilqdhta@ddpvirq.gy",
        "name": "范艳",
        "phone": "13584630243",
        "position": "qsakr"
    },
    {
        "address": "西藏自治区 阿里地区 日土县",
        "avatar": "Assets/Images/Crop/avatar.jpg",
        "company": "utvx",
        "email": "x.vejdiyq@nkcp.et",
        "name": "韩秀英",
        "phone": "13264984836",
        "position": "ymgu"
    },
    {
        "address": "新疆维吾尔自治区 克拉玛依市 克拉玛依区",
        "avatar": "Assets/Images/Crop/avatar.jpg",
        "company": "sad",
        "email": "j.lxxyw@mikek.bb",
        "name": "黄勇",
        "phone": "13580813215",
        "position": "djicu"
    },
    {
        "address": "河北省 沧州市 泊头市",
        "avatar": "Assets/Images/Crop/avatar.jpg",
        "company": "iqdnc",
        "email": "q.qycqpyej@kgcy.museum",
        "name": "乔丽",
        "phone": "13564771480",
        "position": "cevn"
    },
    {
        "address": "吉林省 松原市 扶余市",
        "avatar": "Assets/Images/Crop/avatar.jpg",
        "company": "uhzgd",
        "email": "u.tibngvxeq@epqp.lb",
        "name": "孟芳",
        "phone": "18974454318",
        "position": "nuqx"
    },
    {
        "address": "澳门特别行政区 澳门半岛 -",
        "avatar": "Assets/Images/Crop/avatar.jpg",
        "company": "oey",
        "email": "d.ustrsgnw@jjnhhuwbx.gf",
        "name": "邱桂英",
        "phone": "13236721455",
        "position": "unjhu"
    },
    {
        "address": "河北省 张家口市 怀安县",
        "avatar": "Assets/Images/Crop/avatar.jpg",
        "company": "lwvb",
        "email": "b.khtdh@qygetk.sh",
        "name": "袁超",
        "phone": "13586732516",
        "position": "nnmws"
    },
    {
        "address": "辽宁省 丹东市 凤城市",
        "avatar": "Assets/Images/Crop/avatar.jpg",
        "company": "bkmq",
        "email": "v.niyd@eidvuqrpu.nc",
        "name": "贾明",
        "phone": "13253898323",
        "position": "cuvm"
    },
    {
        "address": "山东省 潍坊市 临朐县",
        "avatar": "Assets/Images/Crop/avatar.jpg",
        "company": "vhzl",
        "email": "i.jgmcnwmms@kwgxu.gt",
        "name": "罗桂英",
        "phone": "18935662923",
        "position": "afr"
    },
    {
        "address": "宁夏回族自治区 中卫市 中宁县",
        "avatar": "Assets/Images/Crop/avatar.jpg",
        "company": "dwg",
        "email": "c.vmujy@iptywbcz.lu",
        "name": "顾艳",
        "phone": "18974141517",
        "position": "sunx"
    },
    {
        "address": "云南省 丽江市 玉龙纳西族自治县",
        "avatar": "Assets/Images/Crop/avatar.jpg",
        "company": "nkj",
        "email": "a.gnxjurfq@ofxsook.no",
        "name": "宋丽",
        "phone": "13532813669",
        "position": "uguv"
    },
    {
        "address": "新疆维吾尔自治区 博尔塔拉蒙古自治州 阿拉山口市",
        "avatar": "Assets/Images/Crop/avatar.jpg",
        "company": "rbdi",
        "email": "m.recipqw@ocwwwucjy.net",
        "name": "吕强",
        "phone": "13276538176",
        "position": "ywxc"
    },
    {
        "address": "宁夏回族自治区 固原市 泾源县",
        "avatar": "Assets/Images/Crop/avatar.jpg",
        "company": "rgppy",
        "email": "u.dfxf@hzgmot.cq",
        "name": "钱静",
        "phone": "13569263241",
        "position": "ploex"
    },
    {
        "address": "贵州省 六盘水市 盘县",
        "avatar": "Assets/Images/Crop/avatar.jpg",
        "company": "vna",
        "email": "v.tmrvbkdjp@rpgdk.dk",
        "name": "邓磊",
        "phone": "18922911555",
        "position": "vjwg"
    },
    {
        "address": "澳门特别行政区 澳门半岛 -",
        "avatar": "Assets/Images/Crop/avatar.jpg",
        "company": "mfje",
        "email": "q.swnhwc@kssrdvnijw.sz",
        "name": "毛刚",
        "phone": "13276259573",
        "position": "ngxuu"
    },
    {
        "address": "湖北省 孝感市 汉川市",
        "avatar": "Assets/Images/Crop/avatar.jpg",
        "company": "zxg",
        "email": "d.jjtl@dlgeuqx.no",
        "name": "丁秀兰",
        "phone": "13531236504",
        "position": "ruwf"
    },
    {
        "address": "西藏自治区 拉萨市 尼木县",
        "avatar": "Assets/Images/Crop/avatar.jpg",
        "company": "bpbm",
        "email": "v.ngbgt@cocf.fo",
        "name": "董艳",
        "phone": "13276340353",
        "position": "juh"
    },
    {
        "address": "湖北省 黄冈市 黄梅县",
        "avatar": "Assets/Images/Crop/avatar.jpg",
        "company": "mfmc",
        "email": "l.qign@qnqgfj.fr",
        "name": "郭勇",
        "phone": "13535123382",
        "position": "glu"
    },
    {
        "address": "福建省 漳州市 长泰县",
        "avatar": "Assets/Images/Crop/avatar.jpg",
        "company": "fsob",
        "email": "t.zwvxomk@chby.vn",
        "name": "张平",
        "phone": "13522022666",
        "position": "xrtr"
    },
    {
        "address": "青海省 海西蒙古族藏族自治州 都兰县",
        "avatar": "Assets/Images/Crop/avatar.jpg",
        "company": "wgcub",
        "email": "m.qtwti@oqfjbawkh.cm",
        "name": "马明",
        "phone": "13227215363",
        "position": "tsxom"
    },
    {
        "address": "宁夏回族自治区 银川市 贺兰县",
        "avatar": "Assets/Images/Crop/avatar.jpg",
        "company": "lbdc",
        "email": "w.seisrz@txu.coop",
        "name": "钱明",
        "phone": "13595171337",
        "position": "xnci"
    },
    {
        "address": "贵州省 六盘水市 盘县",
        "avatar": "Assets/Images/Crop/avatar.jpg",
        "company": "xkyd",
        "email": "t.hemrdfm@vfrn.bi",
        "name": "马勇",
        "phone": "18949021137",
        "position": "pmsxp"
    },
    {
        "address": "山西省 晋中市 寿阳县",
        "avatar": "Assets/Images/Crop/avatar.jpg",
        "company": "dho",
        "email": "f.qtluod@ryhugu.tr",
        "name": "邱磊",
        "phone": "13556031144",
        "position": "mahd"
    },
    {
        "address": "浙江省 台州市 温岭市",
        "avatar": "Assets/Images/Crop/avatar.jpg",
        "company": "mzoh",
        "email": "a.ydniiyy@krcjj.org",
        "name": "刘杰",
        "phone": "18928636894",
        "position": "qxkq"
    },
    {
        "address": "山西省 临汾市 洪洞县",
        "avatar": "Assets/Images/Crop/avatar.jpg",
        "company": "fud",
        "email": "k.uvgpcc@prtxje.iq",
        "name": "乔敏",
        "phone": "13517570557",
        "position": "ktnp"
    },
    {
        "address": "西藏自治区 林芝地区 米林县",
        "avatar": "Assets/Images/Crop/avatar.jpg",
        "company": "wei",
        "email": "j.wqxtkfx@iovbf.st",
        "name": "傅娟",
        "phone": "13272070148",
        "position": "htlx"
    },
    {
        "address": "黑龙江省 牡丹江市 东安区",
        "avatar": "Assets/Images/Crop/avatar.jpg",
        "company": "prs",
        "email": "t.fsmuow@fixvyd.gb",
        "name": "余明",
        "phone": "13548154366",
        "position": "gzmvz"
    },
    {
        "address": "陕西省 汉中市 略阳县",
        "avatar": "Assets/Images/Crop/avatar.jpg",
        "company": "wxqj",
        "email": "q.hseailndis@ziso.mo",
        "name": "孟超",
        "phone": "13583884690",
        "position": "svoh"
    },
    {
        "address": "新疆维吾尔自治区 阿克苏地区 阿瓦提县",
        "avatar": "Assets/Images/Crop/avatar.jpg",
        "company": "pttp",
        "email": "f.bxkrimnvoj@krpvm.pl",
        "name": "孟军",
        "phone": "13537833556",
        "position": "euk"
    },
    {
        "address": "海南省 三亚市 -",
        "avatar": "Assets/Images/Crop/avatar.jpg",
        "company": "uqry",
        "email": "k.qquxk@qkuddn.cq",
        "name": "彭军",
        "phone": "13518428358",
        "position": "lrum"
    },
    {
        "address": "湖南省 长沙市 天心区",
        "avatar": "Assets/Images/Crop/avatar.jpg",
        "company": "mtss",
        "email": "z.ysviwbs@fvycmbijp.kh",
        "name": "沈勇",
        "phone": "13222453233",
        "position": "edtse"
    },
    {
        "address": "贵州省 黔西南布依族苗族自治州 普安县",
        "avatar": "Assets/Images/Crop/avatar.jpg",
        "company": "jzzb",
        "email": "d.xfmkd@hiipye.museum",
        "name": "邹芳",
        "phone": "18922777979",
        "position": "dnfj"
    },
    {
        "address": "宁夏回族自治区 石嘴山市 惠农区",
        "avatar": "Assets/Images/Crop/avatar.jpg",
        "company": "mdso",
        "email": "t.sjbv@snle.sh",
        "name": "刘超",
        "phone": "13574550387",
        "position": "xtkt"
    },
    {
        "address": "宁夏回族自治区 中卫市 其它区",
        "avatar": "Assets/Images/Crop/avatar.jpg",
        "company": "myobu",
        "email": "o.dnkvst@uxlyc.pa",
        "name": "傅秀英",
        "phone": "13584258477",
        "position": "zioa"
    },
    {
        "address": "河北省 邢台市 其它区",
        "avatar": "Assets/Images/Crop/avatar.jpg",
        "company": "gcg",
        "email": "p.smltsvr@nhkomdzz.qa",
        "name": "贾勇",
        "phone": "18943043771",
        "position": "ohdnz"
    },
    {
        "address": "安徽省 滁州市 全椒县",
        "avatar": "Assets/Images/Crop/avatar.jpg",
        "company": "iyvfa",
        "email": "o.zpsqv@hixwozkgnl.va",
        "name": "崔艳",
        "phone": "18934511525",
        "position": "tfry"
    },
    {
        "address": "湖北省 荆门市 沙洋县",
        "avatar": "Assets/Images/Crop/avatar.jpg",
        "company": "ezaa",
        "email": "k.etjcyddy@imfjajykp.bg",
        "name": "程涛",
        "phone": "13572331410",
        "position": "swpy"
    },
    {
        "address": "内蒙古自治区 兴安盟 扎赉特旗",
        "avatar": "Assets/Images/Crop/avatar.jpg",
        "company": "bac",
        "email": "b.mrlpciff@dmhn.cn",
        "name": "钱霞",
        "phone": "13230359888",
        "position": "sccs"
    },
    {
        "address": "河南省 鹤壁市 浚县",
        "avatar": "Assets/Images/Crop/avatar.jpg",
        "company": "zvyk",
        "email": "b.qrrdvp@xevhs.int",
        "name": "文敏",
        "phone": "13556557215",
        "position": "tvd"
    },
    {
        "address": "山东省 莱芜市 莱城区",
        "avatar": "Assets/Images/Crop/avatar.jpg",
        "company": "vifm",
        "email": "q.rand@znwdc.gov",
        "name": "姚洋",
        "phone": "13297708429",
        "position": "vkydv"
    },
    {
        "address": "河北省 秦皇岛市 抚宁县",
        "avatar": "Assets/Images/Crop/avatar.jpg",
        "company": "pbke",
        "email": "k.uwhufy@jvnodimm.mc",
        "name": "郭芳",
        "phone": "13242264826",
        "position": "msmyt"
    },
    {
        "address": "湖南省 张家界市 慈利县",
        "avatar": "Assets/Images/Crop/avatar.jpg",
        "company": "gdpdx",
        "email": "t.vxuqg@lcbrvpa.my",
        "name": "乔娟",
        "phone": "18913838301",
        "position": "ymtm"
    },
    {
        "address": "广东省 揭阳市 其它区",
        "avatar": "Assets/Images/Crop/avatar.jpg",
        "company": "uize",
        "email": "g.mhmrilwsj@kzbalhy.gl",
        "name": "马秀英",
        "phone": "13218638281",
        "position": "xpbv"
    },
    {
        "address": "香港特别行政区 新界 沙田区",
        "avatar": "Assets/Images/Crop/avatar.jpg",
        "company": "bdsux",
        "email": "p.pnwqkynwd@nuvhj.br",
        "name": "高超",
        "phone": "13242185832",
        "position": "xzl"
    },
    {
        "address": "上海 上海市 闸北区",
        "avatar": "Assets/Images/Crop/avatar.jpg",
        "company": "nlglv",
        "email": "f.aljgono@jked.vu",
        "name": "姚磊",
        "phone": "13235734645",
        "position": "oltx"
    },
    {
        "address": "西藏自治区 那曲地区 比如县",
        "avatar": "Assets/Images/Crop/avatar.jpg",
        "company": "fjbuf",
        "email": "q.nmldkwp@ljjgby.cg",
        "name": "吕洋",
        "phone": "13292467683",
        "position": "pxfl"
    },
    {
        "address": "四川省 宜宾市 南溪区",
        "avatar": "Assets/Images/Crop/avatar.jpg",
        "company": "gwps",
        "email": "x.roynvjbrf@uouihleht.ls",
        "name": "白静",
        "phone": "13230427176",
        "position": "bdyz"
    },
    {
        "address": "福建省 泉州市 晋江市",
        "avatar": "Assets/Images/Crop/avatar.jpg",
        "company": "imqxx",
        "email": "i.bkqulf@fzkc.ie",
        "name": "夏芳",
        "phone": "18914284074",
        "position": "cnj"
    },
    {
        "address": "湖南省 株洲市 炎陵县",
        "avatar": "Assets/Images/Crop/avatar.jpg",
        "company": "iadw",
        "email": "r.ndngojr@doleqyc.cc",
        "name": "龚娟",
        "phone": "13594354522",
        "position": "jxqb"
    },
    {
        "address": "海外 海外 -",
        "avatar": "Assets/Images/Crop/avatar.jpg",
        "company": "byeg",
        "email": "r.mehuhrxr@npjdxov.co",
        "name": "郑明",
        "phone": "13575688877",
        "position": "hljb"
    },
    {
        "address": "甘肃省 兰州市 西固区",
        "avatar": "Assets/Images/Crop/avatar.jpg",
        "company": "vugrf",
        "email": "l.jsweqhiy@jslc.nc",
        "name": "任强",
        "phone": "13517036721",
        "position": "ltvwt"
    },
    {
        "address": "江西省 赣州市 安远县",
        "avatar": "Assets/Images/Crop/avatar.jpg",
        "company": "wmn",
        "email": "v.owvxiyyju@vofv.tn",
        "name": "孙超",
        "phone": "13578068816",
        "position": "nqhba"
    },
    {
        "address": "北京 北京市 平谷区",
        "avatar": "Assets/Images/Crop/avatar.jpg",
        "company": "vntp",
        "email": "h.nwluuf@whrtbwjcq.su",
        "name": "毛芳",
        "phone": "13204548656",
        "position": "cami"
    },
    {
        "address": "海南省 三亚市 -",
        "avatar": "Assets/Images/Crop/avatar.jpg",
        "company": "tlkh",
        "email": "p.uybkccnjx@qhxmxk.bs",
        "name": "侯刚",
        "phone": "13522445537",
        "position": "yyc"
    },
    {
        "address": "新疆维吾尔自治区 塔城地区 裕民县",
        "avatar": "Assets/Images/Crop/avatar.jpg",
        "company": "wsurn",
        "email": "s.byf@hgncrymo.cr",
        "name": "孙艳",
        "phone": "13564707116",
        "position": "mpvms"
    },
    {
        "address": "新疆维吾尔自治区 乌鲁木齐市 沙依巴克区",
        "avatar": "Assets/Images/Crop/avatar.jpg",
        "company": "uge",
        "email": "p.iocolf@fnir.nz",
        "name": "戴艳",
        "phone": "13554257477",
        "position": "jgmyo"
    },
    {
        "address": "香港特别行政区 九龙 油尖旺区",
        "avatar": "Assets/Images/Crop/avatar.jpg",
        "company": "niuy",
        "email": "o.bnosdmx@zuqq.sb",
        "name": "卢杰",
        "phone": "18925855405",
        "position": "bes"
    },
    {
        "address": "吉林省 松原市 乾安县",
        "avatar": "Assets/Images/Crop/avatar.jpg",
        "company": "riac",
        "email": "f.cpwrmtj@mmhkfvg.nl",
        "name": "丁芳",
        "phone": "13564614817",
        "position": "fqsf"
    },
    {
        "address": "内蒙古自治区 包头市 石拐区",
        "avatar": "Assets/Images/Crop/avatar.jpg",
        "company": "sgg",
        "email": "k.vdcwggl@uvnx.ge",
        "name": "徐军",
        "phone": "13566367327",
        "position": "lrx"
    },
    {
        "address": "澳门特别行政区 离岛 -",
        "avatar": "Assets/Images/Crop/avatar.jpg",
        "company": "ioq",
        "email": "k.thxg@hmbvyyncwe.cc",
        "name": "魏秀兰",
        "phone": "13564816535",
        "position": "mshl"
    },
    {
        "address": "广西壮族自治区 钦州市 钦北区",
        "avatar": "Assets/Images/Crop/avatar.jpg",
        "company": "henpf",
        "email": "v.ditlsgh@wruidtmc.an",
        "name": "汤敏",
        "phone": "13528836452",
        "position": "ykhz"
    },
    {
        "address": "陕西省 商洛市 柞水县",
        "avatar": "Assets/Images/Crop/avatar.jpg",
        "company": "bcoe",
        "email": "k.asarhfxoe@hnmpiobs.co",
        "name": "曹秀英",
        "phone": "18944028262",
        "position": "rmy"
    },
    {
        "address": "天津 天津市 河西区",
        "avatar": "Assets/Images/Crop/avatar.jpg",
        "company": "pekh",
        "email": "l.ujemikyzie@tmbua.ai",
        "name": "谢秀英",
        "phone": "13592421627",
        "position": "uugr"
    },
    {
        "address": "青海省 海西蒙古族藏族自治州 都兰县",
        "avatar": "Assets/Images/Crop/avatar.jpg",
        "company": "qhpw",
        "email": "f.kbvhhszp@emjkmxqq.md",
        "name": "唐勇",
        "phone": "13202857846",
        "position": "chpnn"
    },
    {
        "address": "贵州省 毕节市 赫章县",
        "avatar": "Assets/Images/Crop/avatar.jpg",
        "company": "vsoin",
        "email": "w.seip@nmek.dm",
        "name": "蒋艳",
        "phone": "18921646033",
        "position": "opu"
    },
    {
        "address": "广东省 河源市 源城区",
        "avatar": "Assets/Images/Crop/avatar.jpg",
        "company": "jwljc",
        "email": "z.zshnftknq@etuhmw.ml",
        "name": "崔明",
        "phone": "13531847332",
        "position": "ecb"
    },
    {
        "address": "新疆维吾尔自治区 巴音郭楞蒙古自治州 和静县",
        "avatar": "Assets/Images/Crop/avatar.jpg",
        "company": "kst",
        "email": "f.owhvln@spxwufa.no",
        "name": "贾敏",
        "phone": "18990404116",
        "position": "bkq"
    },
    {
        "address": "江西省 鹰潭市 月湖区",
        "avatar": "Assets/Images/Crop/avatar.jpg",
        "company": "uvy",
        "email": "z.lcnov@muxminugv.lt",
        "name": "冯明",
        "phone": "13224813064",
        "position": "jqhz"
    },
    {
        "address": "贵州省 黔东南苗族侗族自治州 雷山县",
        "avatar": "Assets/Images/Crop/avatar.jpg",
        "company": "jnoz",
        "email": "j.lujqd@bhimwxe.pw",
        "name": "蔡刚",
        "phone": "13559873343",
        "position": "mwjb"
    },
    {
        "address": "安徽省 淮北市 其它区",
        "avatar": "Assets/Images/Crop/avatar.jpg",
        "company": "gbuz",
        "email": "n.ltrc@odnkynnddi.ly",
        "name": "谭勇",
        "phone": "13299822159",
        "position": "dykm"
    },
    {
        "address": "陕西省 宝鸡市 千阳县",
        "avatar": "Assets/Images/Crop/avatar.jpg",
        "company": "lgu",
        "email": "k.wvtwppak@eysxndw.nl",
        "name": "方超",
        "phone": "13203121764",
        "position": "qjb"
    },
    {
        "address": "安徽省 亳州市 谯城区",
        "avatar": "Assets/Images/Crop/avatar.jpg",
        "company": "ndsdh",
        "email": "j.ndea@lshnigosd.mp",
        "name": "唐强",
        "phone": "13530838711",
        "position": "tkl"
    },
    {
        "address": "湖南省 株洲市 荷塘区",
        "avatar": "Assets/Images/Crop/avatar.jpg",
        "company": "jrtj",
        "email": "y.qddwk@bjbl.gr",
        "name": "易芳",
        "phone": "13579363210",
        "position": "gcsa"
    },
    {
        "address": "海南省 三亚市 -",
        "avatar": "Assets/Images/Crop/avatar.jpg",
        "company": "wkjj",
        "email": "t.jecjm@orrpatgszt.sz",
        "name": "余艳",
        "phone": "13567542155",
        "position": "fzsde"
    },
    {
        "address": "香港特别行政区 九龙 深水埗区",
        "avatar": "Assets/Images/Crop/avatar.jpg",
        "company": "uorcw",
        "email": "m.ekbvw@efnmnzpygx.ws",
        "name": "锺磊",
        "phone": "13547275486",
        "position": "rmqdk"
    },
    {
        "address": "湖南省 湘西土家族苗族自治州 吉首市",
        "avatar": "Assets/Images/Crop/avatar.jpg",
        "company": "epn",
        "email": "f.hoos@kvhnctky.pk",
        "name": "顾强",
        "phone": "13581403600",
        "position": "gkjj"
    },
    {
        "address": "贵州省 六盘水市 水城县",
        "avatar": "Assets/Images/Crop/avatar.jpg",
        "company": "mbq",
        "email": "j.xpxcbo@odso.gm",
        "name": "赵艳",
        "phone": "13235226075",
        "position": "lrnp"
    },
    {
        "address": "新疆维吾尔自治区 克拉玛依市 白碱滩区",
        "avatar": "Assets/Images/Crop/avatar.jpg",
        "company": "ojxc",
        "email": "h.zbt@htpl.my",
        "name": "易秀英",
        "phone": "13580258751",
        "position": "tnztc"
    },
    {
        "address": "香港特别行政区 香港岛 湾仔",
        "avatar": "Assets/Images/Crop/avatar.jpg",
        "company": "fudgg",
        "email": "k.kmirvqtjv@eii.af",
        "name": "杨军",
        "phone": "18917282562",
        "position": "vxnl"
    },
    {
        "address": "安徽省 淮南市 大通区",
        "avatar": "Assets/Images/Crop/avatar.jpg",
        "company": "csj",
        "email": "d.cypwbyjww@tmiyetl.hr",
        "name": "毛敏",
        "phone": "18964666547",
        "position": "hlkna"
    },
    {
        "address": "重庆 重庆市 沙坪坝区",
        "avatar": "Assets/Images/Crop/avatar.jpg",
        "company": "jmou",
        "email": "s.nevqdlzw@kskxtgcqb.hk",
        "name": "曹明",
        "phone": "18992121185",
        "position": "ijps"
    },
    {
        "address": "广西壮族自治区 桂林市 阳朔县",
        "avatar": "Assets/Images/Crop/avatar.jpg",
        "company": "ipxv",
        "email": "b.gvnbc@bebutqyirj.tj",
        "name": "曾涛",
        "phone": "13546126423",
        "position": "uonn"
    },
    {
        "address": "黑龙江省 黑河市 孙吴县",
        "avatar": "Assets/Images/Crop/avatar.jpg",
        "company": "jgec",
        "email": "h.gttpusrj@gdi.gn",
        "name": "武磊",
        "phone": "13242556248",
        "position": "ixct"
    },
    {
        "address": "海南省 海口市 琼山区",
        "avatar": "Assets/Images/Crop/avatar.jpg",
        "company": "wimqv",
        "email": "w.fuphxicqii@fifjxrrxnl.km",
        "name": "张敏",
        "phone": "18913825633",
        "position": "ulep"
    },
    {
        "address": "西藏自治区 昌都地区 江达县",
        "avatar": "Assets/Images/Crop/avatar.jpg",
        "company": "wvrt",
        "email": "l.elbymug@bebebjls.au",
        "name": "谢明",
        "phone": "13574357584",
        "position": "akfd"
    },
    {
        "address": "青海省 黄南藏族自治州 河南蒙古族自治县",
        "avatar": "Assets/Images/Crop/avatar.jpg",
        "company": "knpw",
        "email": "k.blcomoq@vpna.hn",
        "name": "段霞",
        "phone": "13536581655",
        "position": "tffr"
    },
    {
        "address": "安徽省 六安市 其它区",
        "avatar": "Assets/Images/Crop/avatar.jpg",
        "company": "pye",
        "email": "y.gqmvxea@toyj.ng",
        "name": "石杰",
        "phone": "18921495807",
        "position": "xet"
    },
    {
        "address": "北京 北京市 丰台区",
        "avatar": "Assets/Images/Crop/avatar.jpg",
        "company": "gqy",
        "email": "y.qcyh@yjtxx.cu",
        "name": "朱娟",
        "phone": "13523796585",
        "position": "rwfo"
    },
    {
        "address": "甘肃省 白银市 会宁县",
        "avatar": "Assets/Images/Crop/avatar.jpg",
        "company": "neo",
        "email": "x.owbt@znctcimecc.za",
        "name": "万秀英",
        "phone": "13561783732",
        "position": "owsqg"
    },
    {
        "address": "广东省 梅州市 蕉岭县",
        "avatar": "Assets/Images/Crop/avatar.jpg",
        "company": "cxvm",
        "email": "n.pdqu@yfpwfvdze.id",
        "name": "袁桂英",
        "phone": "13501894604",
        "position": "yppl"
    },
    {
        "address": "西藏自治区 昌都地区 八宿县",
        "avatar": "Assets/Images/Crop/avatar.jpg",
        "company": "tot",
        "email": "i.edmnsu@bpdrjot.pa",
        "name": "尹洋",
        "phone": "13274256402",
        "position": "nlx"
    },
    {
        "address": "香港特别行政区 九龙 深水埗区",
        "avatar": "Assets/Images/Crop/avatar.jpg",
        "company": "ftft",
        "email": "d.gcfvmiqmh@oujvn.ee",
        "name": "宋洋",
        "phone": "13564157399",
        "position": "hlcq"
    },
    {
        "address": "广西壮族自治区 梧州市 蒙山县",
        "avatar": "Assets/Images/Crop/avatar.jpg",
        "company": "dezw",
        "email": "m.rrlk@rifzp.cg",
        "name": "邓明",
        "phone": "18978033853",
        "position": "suezy"
    },
    {
        "address": "吉林省 通化市 辉南县",
        "avatar": "Assets/Images/Crop/avatar.jpg",
        "company": "igti",
        "email": "s.vltlgl@xdjfiefjjf.lb",
        "name": "史平",
        "phone": "13522252124",
        "position": "qcks"
    },
    {
        "address": "云南省 玉溪市 其它区",
        "avatar": "Assets/Images/Crop/avatar.jpg",
        "company": "vnev",
        "email": "s.jfobjpkd@antdrnv.lc",
        "name": "叶娟",
        "phone": "13246696217",
        "position": "rsqp"
    },
    {
        "address": "陕西省 榆林市 子洲县",
        "avatar": "Assets/Images/Crop/avatar.jpg",
        "company": "dgip",
        "email": "h.mehrups@iomgnjlh.su",
        "name": "许秀兰",
        "phone": "13595263185",
        "position": "eznm"
    },
    {
        "address": "香港特别行政区 新界 西贡区",
        "avatar": "Assets/Images/Crop/avatar.jpg",
        "company": "whtx",
        "email": "f.gqwjek@txa.fm",
        "name": "罗平",
        "phone": "13284776171",
        "position": "xffgy"
    },
    {
        "address": "河南省 洛阳市 洛宁县",
        "avatar": "Assets/Images/Crop/avatar.jpg",
        "company": "wpet",
        "email": "i.woirrve@emqpx.fm",
        "name": "张明",
        "phone": "13561576336",
        "position": "hct"
    },
    {
        "address": "广东省 清远市 阳山县",
        "avatar": "Assets/Images/Crop/avatar.jpg",
        "company": "gxwo",
        "email": "l.kok@sgvusthyrn.ec",
        "name": "王明",
        "phone": "18978679275",
        "position": "gvew"
    },
    {
        "address": "内蒙古自治区 巴彦淖尔市 五原县",
        "avatar": "Assets/Images/Crop/avatar.jpg",
        "company": "bgg",
        "email": "r.tgkop@xkrygzuq.sd",
        "name": "李军",
        "phone": "13536974318",
        "position": "kum"
    },
    {
        "address": "香港特别行政区 九龙 黄大仙区",
        "avatar": "Assets/Images/Crop/avatar.jpg",
        "company": "uuo",
        "email": "h.hdcj@idt.re",
        "name": "金明",
        "phone": "13563335387",
        "position": "zxjcd"
    },
    {
        "address": "江西省 南昌市 湾里区",
        "avatar": "Assets/Images/Crop/avatar.jpg",
        "company": "wkqg",
        "email": "r.vbsghotp@ekpnif.id",
        "name": "万霞",
        "phone": "13276525768",
        "position": "lndv"
    },
    {
        "address": "山西省 长治市 襄垣县",
        "avatar": "Assets/Images/Crop/avatar.jpg",
        "company": "lwvr",
        "email": "b.bckdrlt@hkbculn.lc",
        "name": "武娟",
        "phone": "18977876629",
        "position": "yrp"
    },
    {
        "address": "河南省 濮阳市 濮阳县",
        "avatar": "Assets/Images/Crop/avatar.jpg",
        "company": "exo",
        "email": "g.hvqn@dwmylsbb.cq",
        "name": "程霞",
        "phone": "18900144610",
        "position": "ncxv"
    },
    {
        "address": "广东省 河源市 紫金县",
        "avatar": "Assets/Images/Crop/avatar.jpg",
        "company": "gnuvh",
        "email": "x.pyrgpd@fkhuamr.fr",
        "name": "曾明",
        "phone": "13268964486",
        "position": "qkre"
    },
    {
        "address": "辽宁省 铁岭市 昌图县",
        "avatar": "Assets/Images/Crop/avatar.jpg",
        "company": "pxfj",
        "email": "b.cfyaob@vrmgqy.ie",
        "name": "张静",
        "phone": "13258924786",
        "position": "mnux"
    },
    {
        "address": "江西省 景德镇市 浮梁县",
        "avatar": "Assets/Images/Crop/avatar.jpg",
        "company": "bhgc",
        "email": "o.cmace@vxixyg.fm",
        "name": "潘静",
        "phone": "13516636147",
        "position": "eytc"
    },
    {
        "address": "河南省 三门峡市 陕县",
        "avatar": "Assets/Images/Crop/avatar.jpg",
        "company": "xase",
        "email": "s.ypeqpj@olfa.edu",
        "name": "邱涛",
        "phone": "13550420228",
        "position": "omuq"
    },
    {
        "address": "香港特别行政区 九龙 深水埗区",
        "avatar": "Assets/Images/Crop/avatar.jpg",
        "company": "mrnr",
        "email": "y.hjfplnmadj@hgtmtfsm.su",
        "name": "金芳",
        "phone": "13563475823",
        "position": "hsw"
    },
    {
        "address": "北京 北京市 通州区",
        "avatar": "Assets/Images/Crop/avatar.jpg",
        "company": "csy",
        "email": "c.nvlkwkqtq@txlc.sr",
        "name": "胡秀英",
        "phone": "13548370222",
        "position": "znqh"
    },
    {
        "address": "上海 上海市 金山区",
        "avatar": "Assets/Images/Crop/avatar.jpg",
        "company": "lvy",
        "email": "v.xrpxp@usadllq.nr",
        "name": "宋敏",
        "phone": "13555346528",
        "position": "ruhe"
    },
    {
        "address": "四川省 南充市 嘉陵区",
        "avatar": "Assets/Images/Crop/avatar.jpg",
        "company": "gkyp",
        "email": "n.auifkwe@hzqiq.jm",
        "name": "蒋涛",
        "phone": "13563796785",
        "position": "qnbs"
    },
    {
        "address": "江苏省 泰州市 姜堰区",
        "avatar": "Assets/Images/Crop/avatar.jpg",
        "company": "knvb",
        "email": "i.vidp@ixhrc.mr",
        "name": "胡涛",
        "phone": "13254874002",
        "position": "sayl"
    },
    {
        "address": "广东省 河源市 紫金县",
        "avatar": "Assets/Images/Crop/avatar.jpg",
        "company": "cnh",
        "email": "v.uhssptp@qcnzqx.ht",
        "name": "贺杰",
        "phone": "13587372205",
        "position": "hwcvf"
    },
    {
        "address": "山西省 晋城市 高平市",
        "avatar": "Assets/Images/Crop/avatar.jpg",
        "company": "lzvki",
        "email": "x.aofqmk@yjjrwadou.ma",
        "name": "朱涛",
        "phone": "13541051493",
        "position": "claqc"
    },
    {
        "address": "浙江省 绍兴市 新昌县",
        "avatar": "Assets/Images/Crop/avatar.jpg",
        "company": "wom",
        "email": "r.glokhsgxl@ishmuujre.bd",
        "name": "周平",
        "phone": "18925434511",
        "position": "mbkr"
    },
    {
        "address": "香港特别行政区 香港岛 南区",
        "avatar": "Assets/Images/Crop/avatar.jpg",
        "company": "askx",
        "email": "b.bcfgaen@bsioge.mv",
        "name": "徐磊",
        "phone": "18926289252",
        "position": "hgal"
    },
    {
        "address": "辽宁省 盘锦市 双台子区",
        "avatar": "Assets/Images/Crop/avatar.jpg",
        "company": "cgcyk",
        "email": "r.fuleqrdwv@eyum.ee",
        "name": "吴明",
        "phone": "13546513069",
        "position": "prmtl"
    },
    {
        "address": "西藏自治区 昌都地区 丁青县",
        "avatar": "Assets/Images/Crop/avatar.jpg",
        "company": "lcqjh",
        "email": "t.ipqjst@ocbcmjfcn.pro",
        "name": "雷艳",
        "phone": "13518480973",
        "position": "cytvr"
    },
    {
        "address": "福建省 厦门市 翔安区",
        "avatar": "Assets/Images/Crop/avatar.jpg",
        "company": "fun",
        "email": "a.zlnawq@odpbxrj.tc",
        "name": "林超",
        "phone": "13231621143",
        "position": "sor"
    },
    {
        "address": "黑龙江省 双鸭山市 宝清县",
        "avatar": "Assets/Images/Crop/avatar.jpg",
        "company": "bpke",
        "email": "x.rsku@wvfeiu.fo",
        "name": "毛军",
        "phone": "18989673652",
        "position": "ljt"
    },
    {
        "address": "湖南省 郴州市 宜章县",
        "avatar": "Assets/Images/Crop/avatar.jpg",
        "company": "vdu",
        "email": "x.dsrqqddrc@rwutzqud.sk",
        "name": "锺伟",
        "phone": "13575810207",
        "position": "eyil"
    },
    {
        "address": "内蒙古自治区 包头市 昆都仑区",
        "avatar": "Assets/Images/Crop/avatar.jpg",
        "company": "xgiww",
        "email": "h.akhq@edfqgrrbr.gu",
        "name": "武敏",
        "phone": "18934484776",
        "position": "tjxni"
    },
    {
        "address": "浙江省 湖州市 其它区",
        "avatar": "Assets/Images/Crop/avatar.jpg",
        "company": "mxw",
        "email": "h.kosjjq@gwxhs.gm",
        "name": "武刚",
        "phone": "13269666612",
        "position": "zdpj"
    },
    {
        "address": "香港特别行政区 新界 西贡区",
        "avatar": "Assets/Images/Crop/avatar.jpg",
        "company": "veer",
        "email": "b.kzvde@jvpug.bb",
        "name": "叶秀兰",
        "phone": "13526398683",
        "position": "bntv"
    },
    {
        "address": "贵州省 六盘水市 水城县",
        "avatar": "Assets/Images/Crop/avatar.jpg",
        "company": "gget",
        "email": "m.pejju@qxoi.dz",
        "name": "段霞",
        "phone": "13257383208",
        "position": "eny"
    },
    {
        "address": "江苏省 淮安市 淮安区",
        "avatar": "Assets/Images/Crop/avatar.jpg",
        "company": "ttvl",
        "email": "d.rsjl@dhnko.ir",
        "name": "孟明",
        "phone": "18966716928",
        "position": "xyr"
    },
    {
        "address": "安徽省 滁州市 来安县",
        "avatar": "Assets/Images/Crop/avatar.jpg",
        "company": "ozulz",
        "email": "j.rhomms@lyxxcq.info",
        "name": "戴强",
        "phone": "13212117749",
        "position": "mvkpk"
    },
    {
        "address": "黑龙江省 绥化市 肇东市",
        "avatar": "Assets/Images/Crop/avatar.jpg",
        "company": "nqyy",
        "email": "t.wemqmpgpfh@unxciah.yu",
        "name": "沈静",
        "phone": "13211682806",
        "position": "xggf"
    },
    {
        "address": "湖北省 武汉市 其它区",
        "avatar": "Assets/Images/Crop/avatar.jpg",
        "company": "jsyh",
        "email": "r.ihctfpijoj@kmbsszzpv.nl",
        "name": "陈娜",
        "phone": "13556526561",
        "position": "uduo"
    },
    {
        "address": "甘肃省 定西市 岷县",
        "avatar": "Assets/Images/Crop/avatar.jpg",
        "company": "uga",
        "email": "v.nvcuwc@wrygt.no",
        "name": "白娜",
        "phone": "13576486539",
        "position": "xduod"
    },
    {
        "address": "山东省 聊城市 阳谷县",
        "avatar": "Assets/Images/Crop/avatar.jpg",
        "company": "nvau",
        "email": "o.lycvtj@doryhkcv.ua",
        "name": "沈杰",
        "phone": "13581461236",
        "position": "wftdi"
    },
    {
        "address": "宁夏回族自治区 固原市 原州区",
        "avatar": "Assets/Images/Crop/avatar.jpg",
        "company": "neof",
        "email": "v.vybobxq@niboeizt.ki",
        "name": "陈超",
        "phone": "13599168523",
        "position": "fhcy"
    },
    {
        "address": "西藏自治区 昌都地区 洛隆县",
        "avatar": "Assets/Images/Crop/avatar.jpg",
        "company": "gpjxw",
        "email": "t.tolgjgqx@huszmg.biz",
        "name": "罗军",
        "phone": "13566053295",
        "position": "mkn"
    },
    {
        "address": "宁夏回族自治区 固原市 其它区",
        "avatar": "Assets/Images/Crop/avatar.jpg",
        "company": "dykil",
        "email": "r.qzdqnnj@ytvjhk.中国互联.网络",
        "name": "蔡涛",
        "phone": "18931788363",
        "position": "bmb"
    },
    {
        "address": "浙江省 温州市 洞头县",
        "avatar": "Assets/Images/Crop/avatar.jpg",
        "company": "ojrn",
        "email": "c.nrlild@fgwpzskcix.ng",
        "name": "薛洋",
        "phone": "13542758865",
        "position": "pvf"
    },
    {
        "address": "山西省 太原市 万柏林区",
        "avatar": "Assets/Images/Crop/avatar.jpg",
        "company": "vqqs",
        "email": "x.rltpedhn@wmikkigeg.vc",
        "name": "丁强",
        "phone": "13254347723",
        "position": "cwmqx"
    },
    {
        "address": "西藏自治区 那曲地区 聂荣县",
        "avatar": "Assets/Images/Crop/avatar.jpg",
        "company": "pbcn",
        "email": "h.sxbqwcxes@uwg.bo",
        "name": "钱敏",
        "phone": "13537459381",
        "position": "lxgnp"
    },
    {
        "address": "青海省 玉树藏族自治州 杂多县",
        "avatar": "Assets/Images/Crop/avatar.jpg",
        "company": "tklt",
        "email": "v.ewzj@ayu.gov",
        "name": "邱强",
        "phone": "13547848154",
        "position": "ftis"
    },
    {
        "address": "河南省 信阳市 新县",
        "avatar": "Assets/Images/Crop/avatar.jpg",
        "company": "lknl",
        "email": "k.nfwkci@ctwyzx.asia",
        "name": "韩刚",
        "phone": "13293605456",
        "position": "eylcf"
    },
    {
        "address": "新疆维吾尔自治区 克拉玛依市 乌尔禾区",
        "avatar": "Assets/Images/Crop/avatar.jpg",
        "company": "gyci",
        "email": "u.jwmlzhv@pephbrvq.ms",
        "name": "汪磊",
        "phone": "18955485330",
        "position": "kkvj"
    },
    {
        "address": "福建省 宁德市 福安市",
        "avatar": "Assets/Images/Crop/avatar.jpg",
        "company": "mwelr",
        "email": "a.bsyek@mnuvvmmjw.cm",
        "name": "潘霞",
        "phone": "13237641262",
        "position": "hltad"
    },
    {
        "address": "青海省 海南藏族自治州 同德县",
        "avatar": "Assets/Images/Crop/avatar.jpg",
        "company": "kqdkp",
        "email": "n.leght@jysulqpqg.bf",
        "name": "杜磊",
        "phone": "18986384766",
        "position": "tcpo"
    },
    {
        "address": "甘肃省 白银市 平川区",
        "avatar": "Assets/Images/Crop/avatar.jpg",
        "company": "boayf",
        "email": "v.etkhhskt@cvskywtnmp.vn",
        "name": "任伟",
        "phone": "13510276156",
        "position": "uft"
    },
    {
        "address": "辽宁省 铁岭市 清河区",
        "avatar": "Assets/Images/Crop/avatar.jpg",
        "company": "vfub",
        "email": "f.grlrrzihy@nsaq.li",
        "name": "刘秀兰",
        "phone": "13247375258",
        "position": "jwru"
    },
    {
        "address": "贵州省 黔西南布依族苗族自治州 晴隆县",
        "avatar": "Assets/Images/Crop/avatar.jpg",
        "company": "iyhg",
        "email": "k.uldhgaevtl@qvdpiv.tc",
        "name": "贾娜",
        "phone": "13213564901",
        "position": "xmv"
    },
    {
        "address": "湖南省 长沙市 宁乡县",
        "avatar": "Assets/Images/Crop/avatar.jpg",
        "company": "vcb",
        "email": "f.rdtv@qgfh.an",
        "name": "方芳",
        "phone": "13232024471",
        "position": "gfoh"
    },
    {
        "address": "四川省 眉山市 丹棱县",
        "avatar": "Assets/Images/Crop/avatar.jpg",
        "company": "vxw",
        "email": "a.imieyh@sembrsewnr.info",
        "name": "魏芳",
        "phone": "13529451411",
        "position": "hegi"
    },
    {
        "address": "云南省 玉溪市 华宁县",
        "avatar": "Assets/Images/Crop/avatar.jpg",
        "company": "uwoqj",
        "email": "e.wfgflnxgs@enkx.ht",
        "name": "锺敏",
        "phone": "18904082047",
        "position": "cqmbl"
    },
    {
        "address": "安徽省 芜湖市 三山区",
        "avatar": "Assets/Images/Crop/avatar.jpg",
        "company": "ofyt",
        "email": "l.lubfurs@lrfq.pm",
        "name": "周军",
        "phone": "18965605190",
        "position": "fkumk"
    },
    {
        "address": "海外 海外 -",
        "avatar": "Assets/Images/Crop/avatar.jpg",
        "company": "yrif",
        "email": "l.joqpg@zotifqouub.mv",
        "name": "谭军",
        "phone": "13515460544",
        "position": "ild"
    },
    {
        "address": "陕西省 安康市 宁陕县",
        "avatar": "Assets/Images/Crop/avatar.jpg",
        "company": "ihn",
        "email": "b.iijofnx@xtky.st",
        "name": "余静",
        "phone": "13512620516",
        "position": "udd"
    },
    {
        "address": "海南省 三亚市 -",
        "avatar": "Assets/Images/Crop/avatar.jpg",
        "company": "onlt",
        "email": "y.odslkjxyo@rodps.gn",
        "name": "黄超",
        "phone": "13535966254",
        "position": "mabi"
    },
    {
        "address": "台湾 苗栗县 竹南镇",
        "avatar": "Assets/Images/Crop/avatar.jpg",
        "company": "wlq",
        "email": "d.cafywlwxl@lchyfgweqy.so",
        "name": "夏军",
        "phone": "18905328238",
        "position": "hpgl"
    },
    {
        "avatar": "Assets/Images/Crop/avatar.jpg",
        "name": "小罗伯特唐尼",
        "phone": "+1 6645812315"
    },
    {
        "address": "北京市 海淀区 朝阳路1号",
        "avatar": "Assets/Images/Crop/avatar_1686836125.jpg",
        "company": "斯坦福",
        "email": "2110282187@qq.com",
        "name": "劳俊源",
        "phone": "13415206517",
        "position": "江南大盗"
    },
    {
        "avatar": "Assets/Images/Crop/avatar.jpg",
        "company": "想吃嘉然小姐的贡品",
        "name": "A 王喜顺",
        "phone": "+86 13888888888",
        "position": "贡品消灭者"
    },
    {
        "address": "武鸣校区 6#435",
        "avatar": "Assets/Images/Crop/avatar_1686835955.jpg",
        "company": "广西民族大学",
        "email": "1352833436@qq.com",
        "name": "陈立创",
        "phone": "18807713426",
        "position": "学生"
    },
    {
        "address": "江南大道1号1栋",
        "avatar": "Assets/Images/Crop/avatar_1686836594.jpg",
        "company": "广西民族大学",
        "email": "1025315703@qq.com",
        "name": "黄全锐",
        "phone": "19195707180",
        "position": "学生"
    },
    {
        "address": "京海市 白金瀚夜总会",
        "avatar": "Assets/Images/Crop/avatar_1686836193.jpg",
        "company": "白金瀚夜总会",
        "email": "macro@julym.com",
        "name": "王宏哲",
        "phone": "18589945812",
        "position": "总经理"
    },
    {
        "address": "南宁市 兴宁区 朝阳路1号",
        "avatar": "Assets/Images/Crop/avatar_1686836453.jpg",
        "company": "广西民族大学",
        "email": "383769489@qq.com",
        "name": "én ěn èn",
        "phone": "13737031081",
        "position": "心理委员"
    },
    {
        "address": "京海市 匿",
        "avatar": "Assets/Images/Crop/avatar_1686836499.jpg",
        "company": "京海建工集团",
        "email": "498791444@qq.com",
        "name": "甘楚沨",
        "phone": "17687551145",
        "position": "董事长"
    },
    {
        "address": "南宁市 北湖北路 人和公园溪府",
        "avatar": "Assets/Images/Crop/avatar_1686836612.jpg",
        "company": "南宁小租配骑机车租赁有限公司",
        "email": "2453378732@qq.com",
        "name": "黄志航",
        "phone": "17877188135",
        "position": "董事长"
    },
    {
        "address": "南宁市 西乡塘区 清川大桥 整桥",
        "avatar": "Assets/Images/Crop/avatar_1686836733.jpg",
        "company": "莽村拆迁",
        "email": "1301109088@qq.com",
        "name": "乐喜云",
        "phone": "18878834119",
        "position": "无业游民"
    }
]
